flavor,topping,mass,price
Chocolate,Chocolate,2.5,2.5
Vanilla,Chocolate,4.8,4.1
Strawberry,Sprinkles,3.9,2.26
Strawberry,Sprinkles,3.4,2.0
Chocolate,Chocolate,1.6,1.8
Strawberry,None,1.6,0.81
Vanilla,Fruit,1.2,1.92
Chocolate,Chocolate,4.5,4.07
Vanilla,None,3.4,2.55
Vanilla,Sprinkles,3.8,3.17
Strawberry,Sprinkles,1.1,0.84
Strawberry,None,4.9,2.44
Strawberry,Fruit,4.3,3.16
Strawberry,Sprinkles,1.8,1.22
Strawberry,Sprinkles,1.7,1.16
Chocolate,Sprinkles,1.7,1.69
Vanilla,None,2.2,1.66
Vanilla,Chocolate,3.1,2.82
Vanilla,Sprinkles,2.7,2.35
Vanilla,Chocolate,2.2,2.12
Strawberry,Fruit,3.4,2.72
Vanilla,Sprinkles,1.6,1.47
Chocolate,Sprinkles,2.2,2.03
Chocolate,Fruit,2.5,2.97
Vanilla,Sprinkles,2.8,2.42
Vanilla,Chocolate,4.1,3.61
Chocolate,None,1.8,1.44
Chocolate,Chocolate,3.1,2.95
Strawberry,None,3.4,1.68
Chocolate,None,1.2,0.95
Strawberry,Chocolate,3.4,2.22
Strawberry,Chocolate,1.7,1.34
Strawberry,Chocolate,1.3,1.13
Strawberry,Chocolate,4.8,2.9
Strawberry,Fruit,4.9,3.43
Vanilla,Sprinkles,4.2,3.48
Chocolate,None,2.2,1.77
Strawberry,Chocolate,1.4,1.2
Chocolate,Chocolate,3.7,3.49
Chocolate,Chocolate,2.8,2.71
Strawberry,Fruit,1.5,1.74
Vanilla,Chocolate,3.0,2.74
Strawberry,Chocolate,1.1,1.07
Vanilla,Chocolate,4.6,3.98
Chocolate,Sprinkles,2.0,1.93
Vanilla,Fruit,3.7,3.74
Vanilla,Chocolate,2.2,2.19
Vanilla,None,3.1,2.31
Chocolate,None,3.2,2.55
Chocolate,None,1.7,1.39
Vanilla,Fruit,4.9,4.66
Vanilla,Fruit,4.1,4.08
Strawberry,None,4.8,2.38
Vanilla,Chocolate,4.6,3.93
Strawberry,Fruit,3.4,2.7
Vanilla,None,4.7,3.52
Strawberry,None,1.4,0.68
Chocolate,Chocolate,1.8,1.93
Vanilla,Sprinkles,1.2,1.19
Vanilla,Fruit,2.3,2.73
Vanilla,Chocolate,2.6,2.42
Vanilla,None,2.1,1.56
Strawberry,None,4.3,2.16
Vanilla,Chocolate,2.4,2.32
Chocolate,Fruit,2.1,2.7
Chocolate,Sprinkles,3.2,2.84
Vanilla,Sprinkles,1.6,1.47
Chocolate,None,4.2,3.37
Vanilla,Fruit,1.3,1.97
Vanilla,Sprinkles,4.9,4.01
Chocolate,Fruit,4.1,4.27
Vanilla,Fruit,1.8,2.35
Chocolate,None,1.0,0.82
Strawberry,Sprinkles,4.3,2.43
Vanilla,Chocolate,3.8,3.37
Strawberry,None,3.9,1.96
Chocolate,Sprinkles,4.1,3.57
Strawberry,Sprinkles,1.3,0.95
Strawberry,Sprinkles,2.4,1.52
Chocolate,Sprinkles,1.5,1.47
Strawberry,Sprinkles,4.5,2.53
Strawberry,Fruit,3.5,2.75
Chocolate,None,2.3,1.86
Strawberry,Fruit,1.3,1.63
Chocolate,Chocolate,2.2,2.3
Strawberry,Sprinkles,2.3,1.45
Chocolate,None,3.9,3.13
Chocolate,Sprinkles,3.6,3.14
Strawberry,None,4.5,2.27
Strawberry,Fruit,2.9,2.44
Strawberry,None,1.5,0.74
Vanilla,Chocolate,3.9,3.39
Vanilla,Chocolate,4.0,3.53
Vanilla,None,3.2,2.43
Chocolate,None,4.1,3.27
Strawberry,None,3.0,1.49
Chocolate,None,3.1,2.47
Vanilla,Chocolate,2.7,2.53
Strawberry,Sprinkles,1.1,0.85
Chocolate,None,1.4,1.15
Strawberry,None,1.1,0.56
Chocolate,Chocolate,3.5,3.34
Strawberry,Chocolate,2.3,1.63
Vanilla,Fruit,3.0,3.28
Vanilla,None,4.6,3.47
Strawberry,Fruit,2.0,2.0
Chocolate,Chocolate,2.6,2.61
Vanilla,Chocolate,4.0,3.52
Vanilla,Sprinkles,1.9,1.74
Vanilla,None,1.3,0.98
Strawberry,Fruit,2.2,2.08
Strawberry,Chocolate,1.6,1.32
Chocolate,Chocolate,4.7,4.28
Chocolate,Fruit,4.2,4.39
Chocolate,Sprinkles,3.5,3.13
Strawberry,Chocolate,4.5,2.74
Strawberry,None,4.2,2.11
Chocolate,Chocolate,1.7,1.9
Chocolate,None,4.6,3.66
Strawberry,Fruit,3.2,2.58
Chocolate,None,4.2,3.38
Vanilla,Fruit,4.6,4.44
Strawberry,None,2.3,1.14
Chocolate,Fruit,1.4,2.15
Strawberry,None,1.9,0.96
Vanilla,Sprinkles,2.7,2.33
Strawberry,None,4.3,2.14
Strawberry,None,4.4,2.22
Strawberry,Sprinkles,1.0,0.81
Strawberry,Chocolate,3.0,2.02
Vanilla,Chocolate,2.7,2.5
Strawberry,None,1.9,0.94
Strawberry,Sprinkles,1.5,1.04
Chocolate,None,2.4,1.88
Strawberry,Fruit,4.8,3.39
Chocolate,Fruit,2.3,2.83
Vanilla,None,3.1,2.31
Vanilla,Chocolate,3.8,3.36
Vanilla,Chocolate,2.5,2.34
Vanilla,None,4.9,3.67
Chocolate,None,4.8,3.88
Strawberry,Fruit,2.0,2.0
Vanilla,Chocolate,3.0,2.74
Strawberry,None,2.2,1.1
Chocolate,Fruit,2.1,2.71
Chocolate,Chocolate,1.1,1.42
Chocolate,Sprinkles,3.4,3.05
Vanilla,Fruit,3.0,3.26
Strawberry,Chocolate,1.2,1.1
Strawberry,Chocolate,2.1,1.56
